DELETE FROM certificate_field_mapping;
DELETE FROM certificate_criterion_binding;
DELETE FROM certificate_criterion;
DELETE FROM certificate_award;
DELETE FROM certificate_document_template;
DELETE FROM certificate_definition;

INSERT INTO certificate_definition (id, defn_name, defn_descr, create_date, creator_id, status, site_id)
	VALUES
		('001', 'test 001', 'descr 001', '2011-07-08', 'instructor', 'ACTIVE', 'real site_id'),
		('002', 'test 002', 'descr 002', '2011-07-08', 'instructor', 'ACTIVE', 'real site_id'),
		('003', 'test 003', 'descr 003', '2011-07-08', 'instructor2', 'ACTIVE', 'real site_id'),
		('004', 'test 004', 'descr 004', '2011-07-08', 'instructor', 'ACTIVE', 'real site_id'),
		('005', 'test 005', 'descr 005', '2011-07-08', 'instructor2', 'ACTIVE', 'real site_id'),
		('006', 'test 006', 'descr 006', '2011-07-08', 'instructor', 'ACTIVE', 'real site_id'),
		('007', 'test 007', 'descr 007', '2011-07-08', 'admin', 'ACTIVE', 'real site_id'),
		('008', 'test 008', 'descr 008', '2011-07-08', 'instructor', 'ACTIVE', 'real site_id'),
		('009', 'test 009', 'descr 009', '2011-07-08', 'instructor', 'ACTIVE', 'real site_id'),
		('010', 'test 010', 'descr 010', '2011-07-08', 'admin', 'ACTIVE', 'real site_id'),
		('011', 'test 011', 'descr 011', '2011-07-08', 'instructor', 'ACTIVE', 'real site_id'),
		('012', 'test 012', 'descr 012', '2011-07-08', 'instructor', 'ACTIVE', 'real site_id'),
		('013', 'test 013', 'descr 013', '2011-07-08', 'instructor', 'ACTIVE', 'real site_id'),
		('014', 'test 014', 'descr 014', '2011-07-08', 'instructor', 'ACTIVE', 'real site_id'),
		('015', 'test 015', 'descr 015', '2011-07-08', 'instructor2', 'INACTIVE', 'bogus site_id'),
		('016', 'test 016', 'descr 016', '2011-07-08', 'instructor', 'ACTIVE', 'bogus site_id'),
		('017', 'test 017', 'descr 017', '2011-07-08', 'instructor', 'ACTIVE', 'real site_id'),
		('018', 'test 018', 'descr 018', '2011-07-08', 'instructor', 'ACTIVE', 'real site_id'),
		('019', 'test 019', 'descr 019', '2011-07-08', 'instructor', 'INACTIVE', 'real site_id'),
		('020', 'test 020', 'descr 020', '2011-07-08', 'instructor', 'ACTIVE', 'bogus site_id'),
		('021', 'test 021', 'descr 021', '2011-07-08', 'instructor', 'UNPUBLISHED', 'real site_id'),
		('022', 'test 022', 'descr 022', '2011-07-08', 'instructor', 'ACTIVE', 'real site_id'),
		('023', 'test 023', 'descr 023', '2011-07-08', 'instructor', 'UNPUBLISHED', 'real site_id');

INSERT INTO certificate_document_template (certificate_definition_id, mimeType, filepath)
	VALUES
		('001', 'application/pdf', 'templates/real site_id/001'),
		('002', 'application/pdf', 'templates/real site_id/002'),
		('003', 'application/pdf', 'templates/real site_id/003'),
		('004', 'application/pdf', 'templates/real site_id/004'),
		('005', 'application/pdf', 'templates/real site_id/005'),
		('006', 'application/pdf', 'templates/real site_id/006'),
		('007', 'application/pdf', 'templates/real site_id/007'),
		('008', 'application/pdf', 'templates/real site_id/008'),
		('009', 'application/pdf', 'templates/real site_id/009'),
		('010', 'application/pdf', 'templates/real site_id/010'),
		('011', 'application/pdf', 'templates/real site_id/011'),
		('012', 'application/pdf', 'templates/real site_id/012'),
		('013', 'application/pdf', 'templates/real site_id/013'),
		('014', 'application/pdf', 'templates/real site_id/014'),
		('015', 'application/pdf', 'templates/bogus site_id/015'),
		('016', 'application/pdf', 'templates/bogus site_id/016'),
		('017', 'application/pdf', 'templates/real site_id/017'),
		('018', 'application/pdf', 'templates/real site_id/018'),
		('019', 'application/pdf', 'templates/real site_id/019'),
		('020', 'application/pdf', 'templates/bogus site_id/020'),
		('021', 'application/pdf', 'templates/real site_id/021'),
		('022', 'application/pdf', 'templates/real site_id/022');

INSERT INTO certificate_criterion (id, type, award_criteria_id)
	VALUES
		('001', 'org.sakaiproject.certification.api.criteria.gradebook.GreaterThanScoreCriterion', '001'),
		('002', 'org.sakaiproject.certification.api.criteria.gradebook.GreaterThanScoreCriterion', '002'),
		('003', 'org.sakaiproject.certification.api.criteria.gradebook.GreaterThanScoreCriterion', '003'),
		('004', 'org.sakaiproject.certification.api.criteria.gradebook.GreaterThanScoreCriterion', '004'),
		('005-1', 'org.sakaiproject.certification.api.criteria.gradebook.GreaterThanScoreCriterion', '005'),
		('005-2', 'org.sakaiproject.certification.api.criteria.gradebook.GreaterThanScoreCriterion', '005'),
		('006', 'org.sakaiproject.certification.api.criteria.gradebook.GreaterThanScoreCriterion', '006'),
		('007', 'org.sakaiproject.certification.api.criteria.gradebook.GreaterThanScoreCriterion', '007'),
		('008', 'org.sakaiproject.certification.api.criteria.gradebook.GreaterThanScoreCriterion', '008'),
		('009', 'org.sakaiproject.certification.api.criteria.gradebook.GreaterThanScoreCriterion', '009'),
		('010', 'org.sakaiproject.certification.api.criteria.gradebook.GreaterThanScoreCriterion', '010'),
		('011', 'org.sakaiproject.certification.api.criteria.gradebook.GreaterThanScoreCriterion', '011'),
		('012', 'org.sakaiproject.certification.api.criteria.gradebook.GreaterThanScoreCriterion', '012'),
		('013', 'org.sakaiproject.certification.api.criteria.gradebook.GreaterThanScoreCriterion', '013'),
		('014', 'org.sakaiproject.certification.api.criteria.gradebook.GreaterThanScoreCriterion', '014'),
		('015', 'org.sakaiproject.certification.api.criteria.gradebook.GreaterThanScoreCriterion', '015'),
		('016', 'org.sakaiproject.certification.api.criteria.gradebook.GreaterThanScoreCriterion', '016'),
		('017', 'org.sakaiproject.certification.api.criteria.gradebook.GreaterThanScoreCriterion', '017'),
		('018', 'org.sakaiproject.certification.api.criteria.gradebook.GreaterThanScoreCriterion', '018'),
		('019', 'org.sakaiproject.certification.api.criteria.gradebook.GreaterThanScoreCriterion', '019'),
		('020', 'org.sakaiproject.certification.api.criteria.gradebook.GreaterThanScoreCriterion', '020'),
		('022', 'org.sakaiproject.certification.api.criteria.gradebook.GreaterThanScoreCriterion', '022'),
		('023', 'org.sakaiproject.certification.api.criteria.gradebook.GreaterThanScoreCriterion', '023');

INSERT INTO certificate_criterion_binding (criterion_id, variable_key, variable_value)
	VALUES
		('001', 'gradebook.item', 'gradebookitem1'),
		('001', 'score', '75'),
		('002', 'gradebook.item', 'gradebookitem1'),
		('002', 'score', '75'),
		('003', 'gradebook.item', 'gradebookitem1'),
		('003', 'score', '75'),
		('004', 'gradebook.item', 'gradebookitem1'),
		('004', 'score', '75'),
		('005-1', 'gradebook.item', 'gradebookitem1'),
		('005-1', 'score', '75'),
		('005-2', 'gradebook.item', 'gradebookitem2'),
		('005-2', 'score', '30'),
		('006', 'gradebook.item', 'gradebookitem1'),
		('006', 'score', '75'),
		('007', 'gradebook.item', 'gradebookitem1'),
		('007', 'score', '75'),
		('008', 'gradebook.item', 'gradebookitem1'),
		('008', 'score', '75'),
		('009', 'gradebook.item', 'gradebookitem1'),
		('009', 'score', '75'),
		('010', 'gradebook.item', 'gradebookitem1'),
		('010', 'score', '75'),
		('011', 'gradebook.item', 'gradebookitem1'),
		('011', 'score', '75'),
		('012', 'gradebook.item', 'gradebookitem1'),
		('012', 'score', '75'),
		('013', 'gradebook.item', 'gradebookitem1'),
		('013', 'score', '75'),
		('014', 'gradebook.item', 'gradebookitem1'),
		('014', 'score', '75'),
		('015', 'gradebook.item', 'gradebookitem1'),
		('015', 'score', '75'),
		('016', 'gradebook.item', 'gradebookitem1'),
		('016', 'score', '75'),
		('017', 'gradebook.item', 'gradebookitem1'),
		('017', 'score', '75'),
		('018', 'gradebook.item', 'gradebookitem1'),
		('018', 'score', '75'),
		('019', 'gradebook.item', 'gradebookitem1'),
		('019', 'score', '75'),
		('020', 'gradebook.item', 'gradebookitem1'),
		('020', 'score', '75'),
		('022', 'gradebook.item', 'gradebookitem1'),
		('022', 'score', '75'),
		('023', 'gradebook.item', 'gradebookitem1'),
		('023', 'score', '75');

INSERT INTO certificate_award (id, userId, certificate_definition_id, award_timestamp)
	VALUES
		('001', 'student', '001', '2011-07-08'),
		('002', 'student', '011', '2011-07-08');

INSERT INTO certificate_field_mapping (defn_id, variable, value)
	VALUES
		('001', 'CertRank', 'Lieutenant'),
		('001', 'CertUser', '${recipient.fullname}'),
		('002', 'CertRank', 'Lieutenant'),
		('002', 'CertUser', '${recipient.fullname}'),
		('003', 'CertRank', 'Lieutenant'),
		('003', 'CertUser', '${recipient.fullname}'),
		('004', 'CertRank', 'Lieutenant'),
		('004', 'CertUser', '${recipient.fullname}'),
		('005', 'CertRank', 'Lieutenant'),
		('005', 'CertUser', '${recipient.fullname}'),
		('006', 'CertRank', 'Lieutenant'),
		('006', 'CertUser', '${recipient.fullname}'),
		('007', 'CertRank', 'Lieutenant'),
		('007', 'CertUser', '${recipient.fullname}'),
		('008', 'CertRank', 'Lieutenant'),
		('008', 'CertUser', '${recipient.fullname}'),
		('009', 'CertRank', 'Lieutenant'),
		('009', 'CertUser', '${recipient.fullname}'),
		('010', 'CertRank', 'Lieutenant'),
		('010', 'CertUser', '${recipient.fullname}'),
		('011', 'CertRank', 'Lieutenant'),
		('011', 'CertUser', '${recipient.fullname}'),
		('012', 'CertRank', 'Lieutenant'),
		('012', 'CertUser', '${recipient.fullname}'),
		('013', 'CertRank', 'Lieutenant'),
		('013', 'CertUser', '${recipient.fullname}'),
		('014', 'CertRank', 'Lieutenant'),
		('014', 'CertUser', '${recipient.fullname}'),
		('015', 'CertRank', 'Lieutenant'),
		('015', 'CertUser', '${recipient.fullname}'),
		('016', 'CertRank', 'Lieutenant'),
		('016', 'CertUser', '${recipient.fullname}'),
		('017', 'CertRank', 'Lieutenant'),
		('017', 'CertUser', '${recipient.fullname}'),
		('018', 'CertRank', 'Lieutenant'),
		('018', 'CertUser', '${recipient.fullname}'),
		('019', 'CertRank', 'Lieutenant'),
		('019', 'CertUser', '${recipient.fullname}'),
		('020', 'CertRank', 'Lieutenant'),
		('020', 'CertUser', '${recipient.fullname}'),
		('021', 'CertRank', 'Lieutenant'),
		('021', 'CertUser', '${recipient.fullname}'),
		('022', 'CertRank', 'Lieutenant'),
		('022', 'CertUser', '${recipient.fullname}'),
		('023', 'CertRank', 'Lieutenant'),
		('023', 'CertUser', '${recipient.fullname}');
